{"best_dice":0.8666666666666667,"_step":21,"_timestamp":1.7686734677845407e+09,"train/cur_threshold":0.5030377507209778,"val/dice_score":0.8666666666666667,"train/loss":0.9934731721878052,"_runtime":346,"iteration":20,"train/loss_at_kd":4.2336832848377526e-05,"train/loss_dc0":2.7376763682696037e-06,"train/loss_seg_dice":0.9460819959640503,"train/consistency_weight":0.0006737946999085467,"train/loss_cer":0.016936685889959335,"_wandb":{"runtime":346}}