{"iteration":82,"train/consistency_weight":0.0006737946999085467,"train/loss":0.9023655652999878,"train/loss_at_kd":3.094514613621868e-05,"_timestamp":1.768673003703473e+09,"train/cur_threshold":0.5523190498352051,"train/loss_cer":0.01503483485430479,"train/loss_seg_dice":0.866870641708374,"_wandb":{"runtime":86},"_step":81,"_runtime":86,"train/loss_dc0":8.923666609916836e-05}